{
  "faithfulness": [
    0.6842105263157895, 0.0, 0.7619047619047619, 0.8181818181818182, 0.5555555555555556, 1.0,
    0.5454545454545454, 0.5, 0.3333333333333333, 0.8333333333333334
  ],
  "answer_relevancy": [
    0.9999996317248917, 0.9904327669350904, 0.0, 0.7154051904973623, 0.9300042737091079, 0.0,
    0.9999999999999998, 0.0, 0.0, 0.0
  ],
  "context_precision": [0.0, 0.0, 0.0, 0.0, 0.0, 0.0, 0.0, 0.0, 0.0, 0.0],
  "context_recall": [0.0, 0.0, 0.0, 0.0, 0.0, 0.0, 1.0, 0.0, 0.0, 0.0]
}
