{
  "jaccard_mean": 0.3410357451416663,
  "levenshtein_mean": 0.25683759891275226,
  "bleu_mean": 0.08767202297573645,
  "rougeL_mean": 0.34965849158157025,
  "jaccard_std": 0.10666667332681132,
  "levenshtein_std": 0.10477140552636327,
  "bleu_std": 0.09608449610442847,
  "rougeL_std": 0.12389955304035066
}